SpotID	IntegratedIntensity	Omega(degrees)	YCen(px)	ZCen(px)	IMax	Radius(px)	Eta(degrees)	SigmaR	SigmaEta	NrPixels	TotalNrPixelsInPeakRegion	nPeaks	maxY	maxZ	diffY	diffZ	rawIMax	returnCode	retVal	BG	SigmaGR	SigmaLR	SigmaGEta	SigmaLEta	MU
1	47586.887098	93.250000	362.000336	1438.999777	3750.000000	780.697361	-57.714559	9.208934	0.271415	45	45	1	362	1439	-0.000336	0.000223	7500.000000	4	6284.947063	0.000000	9.208934	1.532804	0.271415	0.112493	1.000000
