SpotID	IntegratedIntensity	Omega(degrees)	YCen(px)	ZCen(px)	IMax	Radius(px)	Eta(degrees)	SigmaR	SigmaEta	NrPixels	TotalNrPixelsInPeakRegion	nPeaks	maxY	maxZ	diffY	diffZ	rawIMax	returnCode	retVal	BG	SigmaGR	SigmaLR	SigmaGEta	SigmaLEta	MU
1	47483.268024	-5.000000	611.000155	202.000292	3750.000000	917.235190	-153.379078	8.766347	0.526648	45	45	1	611	202	-0.000155	-0.000292	7500.000000	4	6275.072423	0.000000	8.766347	1.533857	0.526648	0.095813	1.000000
2	47076.000276	-5.000000	1494.999444	997.000048	3750.000000	473.659658	93.025501	7.729267	0.185649	45	45	1	1495	997	0.000556	-0.000048	7500.000000	4	6225.399333	4.101008	7.729267	1.534750	0.156906	0.185649	1.000000
3	47076.000500	-5.000000	1494.999444	1046.999952	3750.000000	473.659658	86.974499	8.196977	0.185649	45	45	1	1495	1047	0.000556	0.000048	7500.000000	4	6225.399333	4.101012	8.196977	1.534750	0.075646	0.185649	1.000000
